timestamp,device_id,temperature,humidity
2025-11-28T11:31:25.581937,sensor_02,22.82,32.24
2025-11-28T11:31:30.581937,sensor_03,25.91,55.8
2025-11-28T11:31:35.581937,sensor_01,20.38,53.65
2025-11-28T11:31:40.581937,sensor_02,20.85,41.23
2025-11-28T11:31:45.581937,sensor_02,23.35,34.86
2025-11-28T11:31:50.581937,sensor_03,38.9,60.91
2025-11-28T11:31:55.581937,sensor_02,35.76,42.63
2025-11-28T11:32:00.581937,sensor_02,25.5,63.86
2025-11-28T11:32:05.581937,sensor_02,32.24,67.36
2025-11-28T11:32:10.581937,sensor_03,21.02,33.79
2025-11-28T11:32:15.581937,sensor_02,27.81,46.46
2025-11-28T11:32:20.581937,sensor_01,34.4,67.74
2025-11-28T11:32:25.581937,sensor_01,39.71,65.26
2025-11-28T11:32:30.581937,sensor_01,25.5,63.76
2025-11-28T11:32:35.581937,sensor_01,25.2,35.07
2025-11-28T11:32:40.581937,sensor_03,28.47,52.75
2025-11-28T11:32:45.581937,sensor_02,31.0,37.19
2025-11-28T11:32:50.581937,sensor_03,28.5,43.65
2025-11-28T11:32:55.581937,sensor_02,27.66,54.96
2025-11-28T11:33:00.581937,sensor_01,38.58,64.46
2025-11-28T11:33:05.581937,sensor_03,35.32,64.72
2025-11-28T11:33:10.581937,sensor_03,25.49,56.14
2025-11-28T11:33:15.581937,sensor_01,32.59,47.14
2025-11-28T11:33:20.581937,sensor_02,30.79,59.14
2025-11-28T11:33:25.581937,sensor_02,22.59,51.04
2025-11-28T11:33:30.581937,sensor_01,20.16,32.32
2025-11-28T11:33:35.581937,sensor_03,30.53,36.22
2025-11-28T11:33:40.581937,sensor_01,39.63,57.88
2025-11-28T11:33:45.581937,sensor_01,33.98,48.9
2025-11-28T11:33:50.581937,sensor_02,24.11,57.13
2025-11-28T11:33:55.581937,sensor_01,20.49,31.29
2025-11-28T11:34:00.581937,sensor_03,29.84,51.51
2025-11-28T11:34:05.581937,sensor_02,24.74,56.3
2025-11-28T11:34:10.581937,sensor_02,20.13,39.56
2025-11-28T11:34:15.581937,sensor_03,29.7,51.67
2025-11-28T11:34:20.581937,sensor_01,31.75,45.62
2025-11-28T11:34:25.581937,sensor_01,33.7,68.78
2025-11-28T11:34:30.581937,sensor_03,26.84,60.29
2025-11-28T11:34:35.581937,sensor_02,29.24,36.82
2025-11-28T11:34:40.581937,sensor_01,34.21,55.67
2025-11-28T11:34:45.581937,sensor_02,20.28,41.01
2025-11-28T11:34:50.581937,sensor_03,24.02,63.98
2025-11-28T11:34:55.581937,sensor_01,22.76,46.18
2025-11-28T11:35:00.581937,sensor_03,36.44,66.99
2025-11-28T11:35:05.581937,sensor_01,22.89,56.19
2025-11-28T11:35:10.581937,sensor_02,26.57,41.19
2025-11-28T11:35:15.581937,sensor_03,31.02,41.34
2025-11-28T11:35:20.581937,sensor_02,31.67,47.01
2025-11-28T11:35:25.581937,sensor_03,29.5,68.92
2025-11-28T11:35:30.581937,sensor_02,38.25,43.39
2025-11-28T11:35:35.581937,sensor_02,38.64,65.76
2025-11-28T11:35:40.581937,sensor_01,21.3,36.03
2025-11-28T11:35:45.581937,sensor_01,32.97,38.22
2025-11-28T11:35:50.581937,sensor_02,38.45,50.68
2025-11-28T11:35:55.581937,sensor_03,33.9,47.38
2025-11-28T11:36:00.581937,sensor_01,35.04,54.15
2025-11-28T11:36:05.581937,sensor_01,25.61,45.91
2025-11-28T11:36:10.581937,sensor_02,29.32,59.02
2025-11-28T11:36:15.581937,sensor_02,27.76,33.52
2025-11-28T11:36:20.581937,sensor_03,30.35,32.74
2025-11-28T11:36:25.581937,sensor_03,28.32,32.57
2025-11-28T11:36:30.581937,sensor_02,23.67,55.77
2025-11-28T11:36:35.581937,sensor_03,38.08,49.39
2025-11-28T11:36:40.581937,sensor_02,33.79,54.44
2025-11-28T11:36:45.581937,sensor_02,37.7,34.58
2025-11-28T11:36:50.581937,sensor_02,32.45,69.68
2025-11-28T11:36:55.581937,sensor_01,26.29,47.79
2025-11-28T11:37:00.581937,sensor_02,29.46,65.17
2025-11-28T11:37:05.581937,sensor_02,39.07,34.91
2025-11-28T11:37:10.581937,sensor_02,29.69,39.21
2025-11-28T11:37:15.581937,sensor_01,22.07,47.9
2025-11-28T11:37:20.581937,sensor_01,25.18,49.54
2025-11-28T11:37:25.581937,sensor_01,26.89,40.58
2025-11-28T11:37:30.581937,sensor_03,26.51,33.36
2025-11-28T11:37:35.581937,sensor_01,38.02,35.11
2025-11-28T11:37:40.581937,sensor_03,33.61,54.21
2025-11-28T11:37:45.581937,sensor_03,31.68,59.51
2025-11-28T11:37:50.581937,sensor_01,27.65,31.9
2025-11-28T11:37:55.581937,sensor_02,35.38,51.59
2025-11-28T11:38:00.581937,sensor_02,35.61,44.71
2025-11-28T11:38:05.581937,sensor_03,37.11,53.61
2025-11-28T11:38:10.581937,sensor_01,22.15,53.0
2025-11-28T11:38:15.581937,sensor_03,28.7,51.82
2025-11-28T11:38:20.581937,sensor_01,37.99,49.8
2025-11-28T11:38:25.581937,sensor_02,33.05,43.64
2025-11-28T11:38:30.581937,sensor_02,24.71,42.06
2025-11-28T11:38:35.581937,sensor_01,25.6,41.8
2025-11-28T11:38:40.581937,sensor_01,20.98,37.63
2025-11-28T11:38:45.581937,sensor_02,24.78,53.12
2025-11-28T11:38:50.581937,sensor_03,21.35,32.5
2025-11-28T11:38:55.581937,sensor_03,37.85,61.4
2025-11-28T11:39:00.581937,sensor_01,31.16,44.43
2025-11-28T11:39:05.581937,sensor_01,29.18,53.32
2025-11-28T11:39:10.581937,sensor_01,28.39,44.05
2025-11-28T11:39:15.581937,sensor_02,37.65,40.85
2025-11-28T11:39:20.581937,sensor_02,34.34,67.56
2025-11-28T11:39:25.581937,sensor_02,39.1,32.8
2025-11-28T11:39:30.581937,sensor_02,39.48,64.69
2025-11-28T11:39:35.581937,sensor_02,25.47,38.26
2025-11-28T11:39:40.581937,sensor_03,25.67,53.14
2025-11-28T11:39:45.581937,sensor_03,30.26,35.56
2025-11-28T11:39:50.581937,sensor_03,31.07,37.77
2025-11-28T11:39:55.581937,sensor_01,32.4,63.54
2025-11-28T11:40:00.581937,sensor_01,29.94,33.85
2025-11-28T11:40:05.581937,sensor_03,22.72,50.21
2025-11-28T11:40:10.581937,sensor_03,37.94,64.38
2025-11-28T11:40:15.581937,sensor_01,32.89,36.16
2025-11-28T11:40:20.581937,sensor_03,23.7,58.8
2025-11-28T11:40:25.581937,sensor_03,37.36,67.65
2025-11-28T11:40:30.581937,sensor_02,32.44,47.7
2025-11-28T11:40:35.581937,sensor_03,21.14,46.72
2025-11-28T11:40:40.581937,sensor_01,29.39,35.89
2025-11-28T11:40:45.581937,sensor_02,38.17,31.61
2025-11-28T11:40:50.581937,sensor_02,24.97,68.03
2025-11-28T11:40:55.581937,sensor_02,21.95,51.33
2025-11-28T11:41:00.581937,sensor_02,30.17,40.83
2025-11-28T11:41:05.581937,sensor_03,27.45,58.36
2025-11-28T11:41:10.581937,sensor_01,32.41,61.7
2025-11-28T11:41:15.581937,sensor_02,21.47,63.03
2025-11-28T11:41:20.581937,sensor_03,32.58,31.94
2025-11-28T11:41:25.581937,sensor_03,29.29,54.56
2025-11-28T11:41:30.581937,sensor_01,33.72,57.44
2025-11-28T11:41:35.581937,sensor_03,37.76,51.62
2025-11-28T11:41:40.581937,sensor_03,32.92,53.79
2025-11-28T11:41:45.581937,sensor_03,29.38,52.79
2025-11-28T11:41:50.581937,sensor_02,34.63,38.92
2025-11-28T11:41:55.581937,sensor_02,34.03,41.27
2025-11-28T11:42:00.581937,sensor_03,26.01,53.52
2025-11-28T11:42:05.581937,sensor_01,38.17,62.95
2025-11-28T11:42:10.581937,sensor_02,25.79,63.21
2025-11-28T11:42:15.581937,sensor_02,22.44,53.25
2025-11-28T11:42:20.581937,sensor_01,27.01,47.0
2025-11-28T11:42:25.581937,sensor_03,36.16,59.1
2025-11-28T11:42:30.581937,sensor_02,37.33,55.17
2025-11-28T11:42:35.581937,sensor_02,30.4,61.13
2025-11-28T11:42:40.581937,sensor_01,39.41,52.33
2025-11-28T11:42:45.581937,sensor_03,30.98,32.74
2025-11-28T11:42:50.581937,sensor_02,36.42,44.18
2025-11-28T11:42:55.581937,sensor_01,21.44,33.09
2025-11-28T11:43:00.581937,sensor_03,30.47,38.15
2025-11-28T11:43:05.581937,sensor_01,36.56,69.75
2025-11-28T11:43:10.581937,sensor_02,21.62,46.63
2025-11-28T11:43:15.581937,sensor_02,30.75,64.36
2025-11-28T11:43:20.581937,sensor_03,38.08,52.5
2025-11-28T11:43:25.581937,sensor_02,25.07,35.86
2025-11-28T11:43:30.581937,sensor_02,25.98,47.26
2025-11-28T11:43:35.581937,sensor_01,20.72,48.82
2025-11-28T11:43:40.581937,sensor_02,32.87,34.92
2025-11-28T11:43:45.581937,sensor_01,22.13,52.22
2025-11-28T11:43:50.581937,sensor_01,36.42,30.29
2025-11-28T11:43:55.581937,sensor_01,23.19,52.63
2025-11-28T11:44:00.581937,sensor_02,37.52,64.21
2025-11-28T11:44:05.581937,sensor_01,20.05,39.66
2025-11-28T11:44:10.581937,sensor_03,33.04,46.47
2025-11-28T11:44:15.581937,sensor_02,39.87,31.42
2025-11-28T11:44:20.581937,sensor_02,23.2,33.74
2025-11-28T11:44:25.581937,sensor_02,25.99,50.53
2025-11-28T11:44:30.581937,sensor_03,35.09,62.4
2025-11-28T11:44:35.581937,sensor_02,22.68,45.74
2025-11-28T11:44:40.581937,sensor_02,31.5,49.69
2025-11-28T11:44:45.581937,sensor_01,33.08,57.85
2025-11-28T11:44:50.581937,sensor_03,39.29,43.41
2025-11-28T11:44:55.581937,sensor_03,31.61,60.52
2025-11-28T11:45:00.581937,sensor_03,36.02,59.46
2025-11-28T11:45:05.581937,sensor_01,36.8,55.93
2025-11-28T11:45:10.581937,sensor_01,28.5,64.66
2025-11-28T11:45:15.581937,sensor_01,38.45,60.75
2025-11-28T11:45:20.581937,sensor_02,22.77,43.18
2025-11-28T11:45:25.581937,sensor_01,32.71,47.8
2025-11-28T11:45:30.581937,sensor_01,35.14,39.36
2025-11-28T11:45:35.581937,sensor_02,31.18,33.26
2025-11-28T11:45:40.581937,sensor_03,21.74,35.49
2025-11-28T11:45:45.581937,sensor_02,20.9,45.17
2025-11-28T11:45:50.581937,sensor_03,33.23,47.79
2025-11-28T11:45:55.581937,sensor_02,21.88,38.99
2025-11-28T11:46:00.581937,sensor_03,27.95,66.97
2025-11-28T11:46:05.581937,sensor_03,38.57,62.52
2025-11-28T11:46:10.581937,sensor_02,37.26,57.69
2025-11-28T11:46:15.581937,sensor_03,32.34,38.43
2025-11-28T11:46:20.581937,sensor_03,25.53,30.63
2025-11-28T11:46:25.581937,sensor_03,28.16,62.32
2025-11-28T11:46:30.581937,sensor_02,23.97,41.9
2025-11-28T11:46:35.581937,sensor_01,34.85,38.23
2025-11-28T11:46:40.581937,sensor_01,26.41,68.38
2025-11-28T11:46:45.581937,sensor_01,30.35,66.33
2025-11-28T11:46:50.581937,sensor_03,20.54,60.12
2025-11-28T11:46:55.581937,sensor_01,33.81,47.76
2025-11-28T11:47:00.581937,sensor_01,38.1,55.97
2025-11-28T11:47:05.581937,sensor_03,31.91,69.74
2025-11-28T11:47:10.581937,sensor_03,34.98,56.66
2025-11-28T11:47:15.581937,sensor_01,31.29,42.74
2025-11-28T11:47:20.581937,sensor_02,28.11,69.66
2025-11-28T11:47:25.581937,sensor_03,30.57,68.01
2025-11-28T11:47:30.581937,sensor_01,25.89,54.39
2025-11-28T11:47:35.581937,sensor_02,38.18,31.0
2025-11-28T11:47:40.581937,sensor_01,21.04,60.65
2025-11-28T11:47:45.581937,sensor_01,37.96,53.4
2025-11-28T11:47:50.581937,sensor_02,39.92,52.35
2025-11-28T11:47:55.581937,sensor_02,30.35,60.17
2025-11-28T11:48:00.581937,sensor_01,27.76,50.82
2025-11-28T11:48:05.581937,sensor_03,34.81,30.9
2025-11-28T11:48:10.581937,sensor_02,21.37,55.54
2025-11-28T11:48:15.581937,sensor_02,29.74,56.28
2025-11-28T11:48:20.581937,sensor_02,37.15,31.74
2025-11-28T11:48:25.581937,sensor_03,33.89,56.81
2025-11-28T11:48:30.581937,sensor_01,29.15,41.61
2025-11-28T11:48:35.581937,sensor_02,33.48,48.94
2025-11-28T11:48:40.581937,sensor_01,26.84,60.51
2025-11-28T11:48:45.581937,sensor_03,22.39,60.68
2025-11-28T11:48:50.581937,sensor_02,39.07,57.18
2025-11-28T11:48:55.581937,sensor_01,25.81,50.99
2025-11-28T11:49:00.581937,sensor_03,23.77,50.8
2025-11-28T11:49:05.581937,sensor_03,28.44,30.55
2025-11-28T11:49:10.581937,sensor_02,24.01,31.41
2025-11-28T11:49:15.581937,sensor_02,33.84,35.52
2025-11-28T11:49:20.581937,sensor_02,26.47,36.09
2025-11-28T11:49:25.581937,sensor_03,22.15,31.61
2025-11-28T11:49:30.581937,sensor_01,30.52,59.25
2025-11-28T11:49:35.581937,sensor_03,37.51,69.43
2025-11-28T11:49:40.581937,sensor_02,26.73,61.72
2025-11-28T11:49:45.581937,sensor_01,32.39,37.39
2025-11-28T11:49:50.581937,sensor_01,25.29,47.68
2025-11-28T11:49:55.581937,sensor_01,32.99,67.7
2025-11-28T11:50:00.581937,sensor_02,25.14,48.02
2025-11-28T11:50:05.581937,sensor_03,20.4,53.12
2025-11-28T11:50:10.581937,sensor_02,28.31,47.99
2025-11-28T11:50:15.581937,sensor_02,37.43,39.32
2025-11-28T11:50:20.581937,sensor_03,22.98,60.04
2025-11-28T11:50:25.581937,sensor_03,36.55,45.51
2025-11-28T11:50:30.581937,sensor_02,29.23,37.57
2025-11-28T11:50:35.581937,sensor_02,25.96,44.18
2025-11-28T11:50:40.581937,sensor_01,28.53,53.0
2025-11-28T11:50:45.581937,sensor_01,20.44,61.42
2025-11-28T11:50:50.581937,sensor_01,38.82,54.49
2025-11-28T11:50:55.581937,sensor_02,30.28,40.67
2025-11-28T11:51:00.581937,sensor_02,25.06,47.71
2025-11-28T11:51:05.581937,sensor_01,31.62,34.05
2025-11-28T11:51:10.581937,sensor_02,22.95,66.55
2025-11-28T11:51:15.581937,sensor_02,29.6,35.63
2025-11-28T11:51:20.581937,sensor_03,39.08,59.05
2025-11-28T11:51:25.581937,sensor_01,21.91,50.53
2025-11-28T11:51:30.581937,sensor_02,36.12,30.62
2025-11-28T11:51:35.581937,sensor_03,21.24,60.11
2025-11-28T11:51:40.581937,sensor_03,36.17,48.55
2025-11-28T11:51:45.581937,sensor_03,29.83,35.5
2025-11-28T11:51:50.581937,sensor_03,35.2,35.68
2025-11-28T11:51:55.581937,sensor_03,27.26,64.76
2025-11-28T11:52:00.581937,sensor_03,39.24,42.3
2025-11-28T11:52:05.581937,sensor_01,33.85,35.33
2025-11-28T11:52:10.581937,sensor_02,27.92,57.9
2025-11-28T11:52:15.581937,sensor_02,20.64,55.83
2025-11-28T11:52:20.581937,sensor_01,29.89,53.11
2025-11-28T11:52:25.581937,sensor_01,35.35,47.06
2025-11-28T11:52:30.581937,sensor_03,39.07,65.83
2025-11-28T11:52:35.581937,sensor_01,23.97,38.58
2025-11-28T11:52:40.581937,sensor_01,37.45,68.12
2025-11-28T11:52:45.581937,sensor_02,20.8,34.85
2025-11-28T11:52:50.581937,sensor_01,34.16,58.0
2025-11-28T11:52:55.581937,sensor_01,26.08,68.98
2025-11-28T11:53:00.581937,sensor_02,22.16,38.53
2025-11-28T11:53:05.581937,sensor_03,22.31,33.36
2025-11-28T11:53:10.581937,sensor_01,35.08,56.78
2025-11-28T11:53:15.581937,sensor_03,24.28,63.78
2025-11-28T11:53:20.581937,sensor_01,21.05,66.82
2025-11-28T11:53:25.581937,sensor_03,25.15,33.48
2025-11-28T11:53:30.581937,sensor_02,20.05,51.88
2025-11-28T11:53:35.581937,sensor_01,38.81,36.76
2025-11-28T11:53:40.581937,sensor_02,31.07,35.74
2025-11-28T11:53:45.581937,sensor_03,31.28,51.96
2025-11-28T11:53:50.581937,sensor_02,27.49,40.61
2025-11-28T11:53:55.581937,sensor_01,24.22,63.69
2025-11-28T11:54:00.581937,sensor_02,25.21,61.22
2025-11-28T11:54:05.581937,sensor_02,39.56,59.09
2025-11-28T11:54:10.581937,sensor_02,22.41,55.77
2025-11-28T11:54:15.581937,sensor_02,26.42,63.58
2025-11-28T11:54:20.581937,sensor_01,28.79,68.08
2025-11-28T11:54:25.581937,sensor_01,28.61,47.67
2025-11-28T11:54:30.581937,sensor_01,24.28,42.64
2025-11-28T11:54:35.581937,sensor_02,37.98,45.45
2025-11-28T11:54:40.581937,sensor_03,23.61,66.16
2025-11-28T11:54:45.581937,sensor_03,25.51,57.0
2025-11-28T11:54:50.581937,sensor_02,39.82,37.37
2025-11-28T11:54:55.581937,sensor_03,29.09,31.48
2025-11-28T11:55:00.581937,sensor_01,33.62,54.56
2025-11-28T11:55:05.581937,sensor_01,38.07,39.43
2025-11-28T11:55:10.581937,sensor_02,39.58,44.23
2025-11-28T11:55:15.581937,sensor_01,22.68,63.02
2025-11-28T11:55:20.581937,sensor_01,24.19,67.98
2025-11-28T11:55:25.581937,sensor_01,30.37,58.68
2025-11-28T11:55:30.581937,sensor_01,38.1,54.07
2025-11-28T11:55:35.581937,sensor_03,22.25,60.16
2025-11-28T11:55:40.581937,sensor_03,26.95,35.36
2025-11-28T11:55:45.581937,sensor_03,22.13,63.07
2025-11-28T11:55:50.581937,sensor_01,22.27,35.03
2025-11-28T11:55:55.581937,sensor_02,21.4,66.92
2025-11-28T11:56:00.581937,sensor_01,25.75,59.79
2025-11-28T11:56:05.581937,sensor_01,38.18,59.92
2025-11-28T11:56:10.581937,sensor_03,35.48,62.0
2025-11-28T11:56:15.581937,sensor_03,31.46,32.93
2025-11-28T11:56:20.581937,sensor_02,27.59,51.02
2025-11-28T11:56:25.581937,sensor_03,30.93,57.59
2025-11-28T11:56:30.581937,sensor_01,25.11,53.87
2025-11-28T11:56:35.581937,sensor_03,22.64,43.36
2025-11-28T11:56:40.581937,sensor_03,31.41,68.07
2025-11-28T11:56:45.581937,sensor_02,25.44,31.5
2025-11-28T11:56:50.581937,sensor_03,23.53,58.12
2025-11-28T11:56:55.581937,sensor_01,30.68,57.91
2025-11-28T11:57:00.581937,sensor_02,35.7,39.41
2025-11-28T11:57:05.581937,sensor_03,21.04,43.19
2025-11-28T11:57:10.581937,sensor_03,29.11,39.41
2025-11-28T11:57:15.581937,sensor_01,33.95,31.7
2025-11-28T11:57:20.581937,sensor_03,28.48,58.93
2025-11-28T11:57:25.581937,sensor_01,25.72,66.8
2025-11-28T11:57:30.581937,sensor_03,37.01,30.68
2025-11-28T11:57:35.581937,sensor_01,34.62,50.57
2025-11-28T11:57:40.581937,sensor_03,22.78,63.17
2025-11-28T11:57:45.581937,sensor_02,29.66,63.8
2025-11-28T11:57:50.581937,sensor_01,22.8,55.38
2025-11-28T11:57:55.581937,sensor_01,29.72,64.02
2025-11-28T11:58:00.581937,sensor_01,24.38,66.71
2025-11-28T11:58:05.581937,sensor_01,25.0,33.21
2025-11-28T11:58:10.581937,sensor_02,33.9,41.19
2025-11-28T11:58:15.581937,sensor_03,37.74,35.13
2025-11-28T11:58:20.581937,sensor_02,33.43,31.75
2025-11-28T11:58:25.581937,sensor_03,31.93,66.18
2025-11-28T11:58:30.581937,sensor_01,24.36,62.79
2025-11-28T11:58:35.581937,sensor_02,23.98,69.63
2025-11-28T11:58:40.581937,sensor_02,29.54,33.14
2025-11-28T11:58:45.581937,sensor_03,38.71,44.07
2025-11-28T11:58:50.581937,sensor_02,28.39,34.4
2025-11-28T11:58:55.581937,sensor_03,23.04,35.06
2025-11-28T11:59:00.581937,sensor_01,34.51,55.68
2025-11-28T11:59:05.581937,sensor_01,29.42,33.81
2025-11-28T11:59:10.581937,sensor_01,33.82,69.69
2025-11-28T11:59:15.581937,sensor_02,32.24,62.14
2025-11-28T11:59:20.581937,sensor_01,32.61,51.19
2025-11-28T11:59:25.581937,sensor_03,29.69,56.35
2025-11-28T11:59:30.581937,sensor_03,29.58,68.1
2025-11-28T11:59:35.581937,sensor_02,24.6,68.8
2025-11-28T11:59:40.581937,sensor_02,22.4,41.24
2025-11-28T11:59:45.581937,sensor_03,22.19,69.1
2025-11-28T11:59:50.581937,sensor_03,21.63,64.08
2025-11-28T11:59:55.581937,sensor_01,32.54,57.41
2025-11-28T12:00:00.581937,sensor_01,26.95,40.5
2025-11-28T12:00:05.581937,sensor_03,27.39,54.98
2025-11-28T12:00:10.581937,sensor_02,34.66,63.54
2025-11-28T12:00:15.581937,sensor_03,29.7,41.9
2025-11-28T12:00:20.581937,sensor_01,30.05,47.81
2025-11-28T12:00:25.581937,sensor_03,27.79,48.02
2025-11-28T12:00:30.581937,sensor_01,25.66,63.73
2025-11-28T12:00:35.581937,sensor_03,28.0,58.18
2025-11-28T12:00:40.581937,sensor_03,26.05,46.0
2025-11-28T12:00:45.581937,sensor_01,22.97,52.03
2025-11-28T12:00:50.581937,sensor_03,23.32,62.21
2025-11-28T12:00:55.581937,sensor_03,22.38,50.66
2025-11-28T12:01:00.581937,sensor_02,38.91,53.59
2025-11-28T12:01:05.581937,sensor_03,24.49,57.75
2025-11-28T12:01:10.581937,sensor_01,33.29,42.94
2025-11-28T12:01:15.581937,sensor_02,36.17,48.77
2025-11-28T12:01:20.581937,sensor_01,31.79,60.91
2025-11-28T12:01:25.581937,sensor_01,38.87,53.31
2025-11-28T12:01:30.581937,sensor_02,29.71,45.27
2025-11-28T12:01:35.581937,sensor_01,27.63,32.67
2025-11-28T12:01:40.581937,sensor_01,32.6,46.38
2025-11-28T12:01:45.581937,sensor_02,23.25,61.23
2025-11-28T12:01:50.581937,sensor_01,35.44,40.54
2025-11-28T12:01:55.581937,sensor_03,28.2,59.02
2025-11-28T12:02:00.581937,sensor_02,34.35,42.99
2025-11-28T12:02:05.581937,sensor_01,36.92,33.4
2025-11-28T12:02:10.581937,sensor_01,28.02,30.14
2025-11-28T12:02:15.581937,sensor_01,32.61,61.6
2025-11-28T12:02:20.581937,sensor_02,27.24,66.2
2025-11-28T12:02:25.581937,sensor_02,28.53,51.59
2025-11-28T12:02:30.581937,sensor_01,30.49,36.55
2025-11-28T12:02:35.581937,sensor_03,24.36,69.83
2025-11-28T12:02:40.581937,sensor_01,21.28,33.34
2025-11-28T12:02:45.581937,sensor_01,20.01,52.53
2025-11-28T12:02:50.581937,sensor_02,34.39,55.61
2025-11-28T12:02:55.581937,sensor_01,22.1,62.45
2025-11-28T12:03:00.581937,sensor_01,27.16,64.67
2025-11-28T12:03:05.581937,sensor_03,31.06,65.05
2025-11-28T12:03:10.581937,sensor_01,39.91,31.55
2025-11-28T12:03:15.581937,sensor_02,34.94,48.85
2025-11-28T12:03:20.581937,sensor_01,23.95,42.05
2025-11-28T12:03:25.581937,sensor_03,20.67,57.04
2025-11-28T12:03:30.581937,sensor_03,23.04,57.63
2025-11-28T12:03:35.581937,sensor_02,27.05,66.66
2025-11-28T12:03:40.581937,sensor_02,31.73,50.24
2025-11-28T12:03:45.581937,sensor_02,37.13,67.96
2025-11-28T12:03:50.581937,sensor_03,30.37,56.8
2025-11-28T12:03:55.581937,sensor_03,26.49,52.27
2025-11-28T12:04:00.581937,sensor_02,35.13,60.31
2025-11-28T12:04:05.581937,sensor_01,25.34,61.91
2025-11-28T12:04:10.581937,sensor_03,24.24,59.87
2025-11-28T12:04:15.581937,sensor_03,28.56,67.29
2025-11-28T12:04:20.581937,sensor_03,25.84,56.43
2025-11-28T12:04:25.581937,sensor_03,20.82,36.0
2025-11-28T12:04:30.581937,sensor_01,38.11,61.26
2025-11-28T12:04:35.581937,sensor_02,31.34,56.32
2025-11-28T12:04:40.581937,sensor_02,22.23,54.56
2025-11-28T12:04:45.581937,sensor_02,22.54,69.56
2025-11-28T12:04:50.581937,sensor_01,21.15,68.27
2025-11-28T12:04:55.581937,sensor_03,37.21,50.86
2025-11-28T12:05:00.581937,sensor_01,22.78,61.26
2025-11-28T12:05:05.581937,sensor_03,31.44,54.64
2025-11-28T12:05:10.581937,sensor_03,36.37,37.11
2025-11-28T12:05:15.581937,sensor_02,20.86,69.47
2025-11-28T12:05:20.581937,sensor_02,34.15,54.76
2025-11-28T12:05:25.581937,sensor_02,35.95,42.26
2025-11-28T12:05:30.581937,sensor_03,23.63,63.09
2025-11-28T12:05:35.581937,sensor_03,30.16,64.23
2025-11-28T12:05:40.581937,sensor_02,30.85,54.84
2025-11-28T12:05:45.581937,sensor_01,36.27,43.95
2025-11-28T12:05:50.581937,sensor_02,35.08,65.22
2025-11-28T12:05:55.581937,sensor_02,36.78,49.71
2025-11-28T12:06:00.581937,sensor_01,23.82,49.98
2025-11-28T12:06:05.581937,sensor_01,37.98,30.19
2025-11-28T12:06:10.581937,sensor_03,39.47,66.91
2025-11-28T12:06:15.581937,sensor_03,29.77,41.24
2025-11-28T12:06:20.581937,sensor_01,33.65,41.57
2025-11-28T12:06:25.581937,sensor_01,23.18,37.76
2025-11-28T12:06:30.581937,sensor_01,37.59,51.58
2025-11-28T12:06:35.581937,sensor_03,21.99,31.73
2025-11-28T12:06:40.581937,sensor_01,35.68,51.81
2025-11-28T12:06:45.581937,sensor_03,35.45,54.44
2025-11-28T12:06:50.581937,sensor_02,23.92,59.44
2025-11-28T12:06:55.581937,sensor_02,28.51,31.28
2025-11-28T12:07:00.581937,sensor_01,30.94,59.82
2025-11-28T12:07:05.581937,sensor_01,29.35,35.91
2025-11-28T12:07:10.581937,sensor_03,28.06,49.27
2025-11-28T12:07:15.581937,sensor_03,33.33,59.39
2025-11-28T12:07:20.581937,sensor_02,22.82,62.31
2025-11-28T12:07:25.581937,sensor_02,36.8,39.92
2025-11-28T12:07:30.581937,sensor_03,23.09,43.94
2025-11-28T12:07:35.581937,sensor_01,37.04,49.48
2025-11-28T12:07:40.581937,sensor_03,23.97,46.35
2025-11-28T12:07:45.581937,sensor_01,33.85,59.85
2025-11-28T12:07:50.581937,sensor_02,35.27,35.43
2025-11-28T12:07:55.581937,sensor_02,23.48,30.38
2025-11-28T12:08:00.581937,sensor_02,31.37,38.76
2025-11-28T12:08:05.581937,sensor_01,27.64,44.87
2025-11-28T12:08:10.581937,sensor_02,22.9,57.48
2025-11-28T12:08:15.581937,sensor_02,26.6,63.09
2025-11-28T12:08:20.581937,sensor_03,25.41,58.36
2025-11-28T12:08:25.581937,sensor_02,21.49,61.57
2025-11-28T12:08:30.581937,sensor_02,30.29,52.42
2025-11-28T12:08:35.581937,sensor_01,31.27,65.07
2025-11-28T12:08:40.581937,sensor_01,25.63,67.18
2025-11-28T12:08:45.581937,sensor_03,23.52,50.97
2025-11-28T12:08:50.581937,sensor_01,22.42,48.57
2025-11-28T12:08:55.581937,sensor_01,21.68,35.3
2025-11-28T12:09:00.581937,sensor_03,29.43,41.37
2025-11-28T12:09:05.581937,sensor_03,33.19,51.15
2025-11-28T12:09:10.581937,sensor_03,31.48,32.01
2025-11-28T12:09:15.581937,sensor_01,32.41,38.19
2025-11-28T12:09:20.581937,sensor_03,24.68,53.68
2025-11-28T12:09:25.581937,sensor_03,26.89,57.91
2025-11-28T12:09:30.581937,sensor_02,37.53,36.53
2025-11-28T12:09:35.581937,sensor_01,38.33,38.39
2025-11-28T12:09:40.581937,sensor_01,37.47,41.03
2025-11-28T12:09:45.581937,sensor_03,22.48,69.72
2025-11-28T12:09:50.581937,sensor_03,26.35,49.77
2025-11-28T12:09:55.581937,sensor_03,24.92,63.59
2025-11-28T12:10:00.581937,sensor_01,29.43,39.66
2025-11-28T12:10:05.581937,sensor_03,26.09,62.43
2025-11-28T12:10:10.581937,sensor_01,29.98,45.13
2025-11-28T12:10:15.581937,sensor_02,37.98,42.28
2025-11-28T12:10:20.581937,sensor_03,37.56,55.35
2025-11-28T12:10:25.581937,sensor_03,35.58,48.52
2025-11-28T12:10:30.581937,sensor_03,37.43,37.47
2025-11-28T12:10:35.581937,sensor_03,34.99,52.27
2025-11-28T12:10:40.581937,sensor_01,31.96,36.11
2025-11-28T12:10:45.581937,sensor_01,34.59,53.97
2025-11-28T12:10:50.581937,sensor_03,25.83,65.51
2025-11-28T12:10:55.581937,sensor_02,36.79,40.89
2025-11-28T12:11:00.581937,sensor_02,38.2,38.01
2025-11-28T12:11:05.581937,sensor_03,35.59,62.4
2025-11-28T12:11:10.581937,sensor_02,29.72,32.33
2025-11-28T12:11:15.581937,sensor_02,32.73,30.2
2025-11-28T12:11:20.581937,sensor_01,31.11,33.64
2025-11-28T12:11:25.581937,sensor_01,28.31,57.79
2025-11-28T12:11:30.581937,sensor_01,22.74,49.4
2025-11-28T12:11:35.581937,sensor_02,35.91,40.53
2025-11-28T12:11:40.581937,sensor_03,32.85,32.74
2025-11-28T12:11:45.581937,sensor_03,24.77,55.54
2025-11-28T12:11:50.581937,sensor_01,26.93,65.52
2025-11-28T12:11:55.581937,sensor_02,33.73,66.91
2025-11-28T12:12:00.581937,sensor_01,23.89,50.79
2025-11-28T12:12:05.581937,sensor_03,29.06,39.59
2025-11-28T12:12:10.581937,sensor_03,38.51,49.64
2025-11-28T12:12:15.581937,sensor_03,25.23,54.13
2025-11-28T12:12:20.581937,sensor_01,30.49,36.77
2025-11-28T12:12:25.581937,sensor_01,29.35,43.84
2025-11-28T12:12:30.581937,sensor_03,34.57,41.96
2025-11-28T12:12:35.581937,sensor_03,30.9,46.4
2025-11-28T12:12:40.581937,sensor_01,30.95,39.77
2025-11-28T12:12:45.581937,sensor_01,28.68,33.63
2025-11-28T12:12:50.581937,sensor_02,27.68,50.34
2025-11-28T12:12:55.581937,sensor_03,33.07,35.52
2025-11-28T12:13:00.581937,sensor_01,35.78,55.76
2025-11-28T12:13:05.581937,sensor_03,27.68,58.58
2025-11-28T12:13:10.581937,sensor_01,29.33,51.9
2025-11-28T12:13:15.581937,sensor_02,21.94,56.18
2025-11-28T12:13:20.581937,sensor_03,36.7,41.67
2025-11-28T12:13:25.581937,sensor_03,30.06,65.15
2025-11-28T12:13:30.581937,sensor_02,29.02,66.85
2025-11-28T12:13:35.581937,sensor_02,31.69,39.5
2025-11-28T12:13:40.581937,sensor_03,36.12,39.26
2025-11-28T12:13:45.581937,sensor_02,31.86,57.88
2025-11-28T12:13:50.581937,sensor_03,25.98,54.2
2025-11-28T12:13:55.581937,sensor_01,21.63,32.38
2025-11-28T12:14:00.581937,sensor_03,38.91,69.27
2025-11-28T12:14:05.581937,sensor_02,28.08,56.76
2025-11-28T12:14:10.581937,sensor_02,24.38,60.64
2025-11-28T12:14:15.581937,sensor_01,30.99,39.17
2025-11-28T12:14:20.581937,sensor_03,26.6,56.33
2025-11-28T12:14:25.581937,sensor_02,28.22,44.53
2025-11-28T12:14:30.581937,sensor_02,35.72,45.39
2025-11-28T12:14:35.581937,sensor_02,35.59,53.32
2025-11-28T12:14:40.581937,sensor_02,34.23,30.29
2025-11-28T12:14:45.581937,sensor_01,23.6,31.15
2025-11-28T12:14:50.581937,sensor_01,31.96,63.33
2025-11-28T12:14:55.581937,sensor_01,22.77,51.94
2025-11-28T12:15:00.581937,sensor_02,35.91,55.23
2025-11-28T12:15:05.581937,sensor_01,22.59,41.42
2025-11-28T12:15:10.581937,sensor_02,36.06,55.38
2025-11-28T12:15:15.581937,sensor_01,23.95,46.98
2025-11-28T12:15:20.581937,sensor_03,38.3,50.15
2025-11-28T12:15:25.581937,sensor_01,38.4,46.92
2025-11-28T12:15:30.581937,sensor_01,36.53,57.12
2025-11-28T12:15:35.581937,sensor_03,28.88,64.67
2025-11-28T12:15:40.581937,sensor_03,21.07,51.92
2025-11-28T12:15:45.581937,sensor_01,20.8,48.33
2025-11-28T12:15:50.581937,sensor_02,30.15,38.94
2025-11-28T12:15:55.581937,sensor_03,31.61,61.97
2025-11-28T12:16:00.581937,sensor_03,24.15,48.93
2025-11-28T12:16:05.581937,sensor_03,39.74,60.25
2025-11-28T12:16:10.581937,sensor_02,27.15,37.9
2025-11-28T12:16:15.581937,sensor_03,32.85,60.61
2025-11-28T12:16:20.581937,sensor_02,22.63,31.45
2025-11-28T12:16:25.581937,sensor_02,32.85,69.75
2025-11-28T12:16:30.581937,sensor_02,33.45,44.84
2025-11-28T12:16:35.581937,sensor_03,24.35,34.18
2025-11-28T12:16:40.581937,sensor_01,21.29,38.51
2025-11-28T12:16:45.581937,sensor_02,20.64,61.71
2025-11-28T12:16:50.581937,sensor_03,31.69,51.5
2025-11-28T12:16:55.581937,sensor_01,35.44,68.62
2025-11-28T12:17:00.581937,sensor_03,35.0,34.32
2025-11-28T12:17:05.581937,sensor_01,37.55,52.14
2025-11-28T12:17:10.581937,sensor_03,28.06,69.1
2025-11-28T12:17:15.581937,sensor_03,30.03,56.47
2025-11-28T12:17:20.581937,sensor_02,21.24,46.06
2025-11-28T12:17:25.581937,sensor_02,31.28,31.52
2025-11-28T12:17:30.581937,sensor_02,27.09,48.5
2025-11-28T12:17:35.581937,sensor_02,27.58,34.96
2025-11-28T12:17:40.581937,sensor_01,35.19,38.94
2025-11-28T12:17:45.581937,sensor_01,29.71,43.78
2025-11-28T12:17:50.581937,sensor_03,36.45,45.82
2025-11-28T12:17:55.581937,sensor_02,21.12,40.73
2025-11-28T12:18:00.581937,sensor_02,31.95,41.37
2025-11-28T12:18:05.581937,sensor_03,20.75,34.11
2025-11-28T12:18:10.581937,sensor_02,25.74,54.2
2025-11-28T12:18:15.581937,sensor_01,21.41,37.37
2025-11-28T12:18:20.581937,sensor_01,28.45,59.4
2025-11-28T12:18:25.581937,sensor_03,37.44,60.93
2025-11-28T12:18:30.581937,sensor_03,37.92,41.77
2025-11-28T12:18:35.581937,sensor_02,24.42,43.68
2025-11-28T12:18:40.581937,sensor_03,29.5,45.89
2025-11-28T12:18:45.581937,sensor_02,29.91,61.19
2025-11-28T12:18:50.581937,sensor_01,37.21,68.64
2025-11-28T12:18:55.581937,sensor_02,36.17,66.87
2025-11-28T12:19:00.581937,sensor_03,39.38,38.21
2025-11-28T12:19:05.581937,sensor_03,29.75,55.58
2025-11-28T12:19:10.581937,sensor_03,34.52,42.6
2025-11-28T12:19:15.581937,sensor_01,36.95,45.85
2025-11-28T12:19:20.581937,sensor_03,25.12,67.44
2025-11-28T12:19:25.581937,sensor_03,26.22,50.38
2025-11-28T12:19:30.581937,sensor_02,24.02,53.25
2025-11-28T12:19:35.581937,sensor_01,35.05,63.0
2025-11-28T12:19:40.581937,sensor_01,29.49,37.48
2025-11-28T12:19:45.581937,sensor_02,23.35,34.97
2025-11-28T12:19:50.581937,sensor_01,36.61,66.7
2025-11-28T12:19:55.581937,sensor_01,37.33,69.05
2025-11-28T12:20:00.581937,sensor_01,28.16,47.31
2025-11-28T12:20:05.581937,sensor_03,23.48,32.22
2025-11-28T12:20:10.581937,sensor_02,37.92,44.78
2025-11-28T12:20:15.581937,sensor_03,24.8,39.65
2025-11-28T12:20:20.581937,sensor_02,23.51,54.79
2025-11-28T12:20:25.581937,sensor_03,28.72,31.49
2025-11-28T12:20:30.581937,sensor_03,38.9,52.62
2025-11-28T12:20:35.581937,sensor_02,37.59,35.53
2025-11-28T12:20:40.581937,sensor_03,26.25,35.44
2025-11-28T12:20:45.581937,sensor_02,33.46,66.07
2025-11-28T12:20:50.581937,sensor_01,36.65,44.74
2025-11-28T12:20:55.581937,sensor_01,27.29,61.08
2025-11-28T12:21:00.581937,sensor_01,37.88,64.53
2025-11-28T12:21:05.581937,sensor_01,37.93,44.3
2025-11-28T12:21:10.581937,sensor_02,25.87,47.15
2025-11-28T12:21:15.581937,sensor_01,26.36,31.97
2025-11-28T12:21:20.581937,sensor_03,21.28,69.95
2025-11-28T12:21:25.581937,sensor_02,24.69,38.51
2025-11-28T12:21:30.581937,sensor_01,37.81,44.19
2025-11-28T12:21:35.581937,sensor_02,25.26,30.49
2025-11-28T12:21:40.581937,sensor_03,33.38,40.18
2025-11-28T12:21:45.581937,sensor_02,38.89,56.62
2025-11-28T12:21:50.581937,sensor_02,38.82,38.6
2025-11-28T12:21:55.581937,sensor_03,32.33,31.39
2025-11-28T12:22:00.581937,sensor_02,25.17,50.01
2025-11-28T12:22:05.581937,sensor_01,39.05,47.51
2025-11-28T12:22:10.581937,sensor_03,39.76,38.76
2025-11-28T12:22:15.581937,sensor_02,23.52,51.87
2025-11-28T12:22:20.581937,sensor_02,23.25,33.34
2025-11-28T12:22:25.581937,sensor_02,26.24,44.58
2025-11-28T12:22:30.581937,sensor_02,29.54,61.0
2025-11-28T12:22:35.581937,sensor_01,25.24,32.04
2025-11-28T12:22:40.581937,sensor_01,31.48,32.64
2025-11-28T12:22:45.581937,sensor_02,38.44,52.82
2025-11-28T12:22:50.581937,sensor_01,37.5,39.42
2025-11-28T12:22:55.581937,sensor_01,22.37,47.82
2025-11-28T12:23:00.581937,sensor_02,22.29,33.5
2025-11-28T12:23:05.581937,sensor_02,35.01,35.52
2025-11-28T12:23:10.581937,sensor_02,30.91,68.52
2025-11-28T12:23:15.581937,sensor_03,36.23,51.63
2025-11-28T12:23:20.581937,sensor_01,31.07,63.07
2025-11-28T12:23:25.581937,sensor_02,22.41,54.22
2025-11-28T12:23:30.581937,sensor_02,21.66,37.58
2025-11-28T12:23:35.581937,sensor_01,31.02,43.32
2025-11-28T12:23:40.581937,sensor_01,27.76,44.25
2025-11-28T12:23:45.581937,sensor_03,34.19,30.45
2025-11-28T12:23:50.581937,sensor_01,23.92,35.52
2025-11-28T12:23:55.581937,sensor_02,39.9,54.44
2025-11-28T12:24:00.581937,sensor_01,25.17,57.41
2025-11-28T12:24:05.581937,sensor_03,30.56,44.69
2025-11-28T12:24:10.581937,sensor_01,36.59,62.77
2025-11-28T12:24:15.581937,sensor_03,38.33,46.39
2025-11-28T12:24:20.581937,sensor_03,27.11,32.98
2025-11-28T12:24:25.581937,sensor_03,33.88,41.65
2025-11-28T12:24:30.581937,sensor_03,28.4,40.13
2025-11-28T12:24:35.581937,sensor_02,23.17,57.94
2025-11-28T12:24:40.581937,sensor_02,36.01,40.52
2025-11-28T12:24:45.581937,sensor_02,39.06,51.47
2025-11-28T12:24:50.581937,sensor_03,38.53,58.19
2025-11-28T12:24:55.581937,sensor_01,22.0,34.32
2025-11-28T12:25:00.581937,sensor_02,28.08,52.7
2025-11-28T12:25:05.581937,sensor_02,33.69,67.98
2025-11-28T12:25:10.581937,sensor_01,34.13,43.44
2025-11-28T12:25:15.581937,sensor_01,21.24,48.5
2025-11-28T12:25:20.581937,sensor_01,31.5,60.93
2025-11-28T12:25:25.581937,sensor_03,30.13,67.36
2025-11-28T12:25:30.581937,sensor_03,27.41,67.44
2025-11-28T12:25:35.581937,sensor_03,24.81,67.0
2025-11-28T12:25:40.581937,sensor_03,34.5,35.93
2025-11-28T12:25:45.581937,sensor_02,22.38,52.79
2025-11-28T12:25:50.581937,sensor_01,21.46,54.18
2025-11-28T12:25:55.581937,sensor_02,29.97,41.22
2025-11-28T12:26:00.581937,sensor_02,23.23,52.54
2025-11-28T12:26:05.581937,sensor_03,31.34,57.63
2025-11-28T12:26:10.581937,sensor_03,21.42,66.28
2025-11-28T12:26:15.581937,sensor_03,26.58,44.91
2025-11-28T12:26:20.581937,sensor_03,26.02,44.17
2025-11-28T12:26:25.581937,sensor_02,30.64,39.01
2025-11-28T12:26:30.581937,sensor_02,20.36,69.7
2025-11-28T12:26:35.581937,sensor_03,25.39,47.42
2025-11-28T12:26:40.581937,sensor_02,24.89,61.38
2025-11-28T12:26:45.581937,sensor_02,23.07,43.88
2025-11-28T12:26:50.581937,sensor_03,28.62,36.06
2025-11-28T12:26:55.581937,sensor_01,28.17,54.95
2025-11-28T12:27:00.581937,sensor_01,24.06,50.31
2025-11-28T12:27:05.581937,sensor_01,23.31,65.08
2025-11-28T12:27:10.581937,sensor_03,36.47,51.43
2025-11-28T12:27:15.581937,sensor_02,34.93,53.01
2025-11-28T12:27:20.581937,sensor_02,37.02,45.36
2025-11-28T12:27:25.581937,sensor_03,28.49,38.72
2025-11-28T12:27:30.581937,sensor_02,26.43,52.64
2025-11-28T12:27:35.581937,sensor_03,33.66,31.18
2025-11-28T12:27:40.581937,sensor_01,36.7,41.86
2025-11-28T12:27:45.581937,sensor_02,23.32,41.68
2025-11-28T12:27:50.581937,sensor_02,24.5,58.57
2025-11-28T12:27:55.581937,sensor_01,39.09,33.06
2025-11-28T12:28:00.581937,sensor_01,30.81,63.3
2025-11-28T12:28:05.581937,sensor_03,36.3,44.24
2025-11-28T12:28:10.581937,sensor_01,20.61,66.05
2025-11-28T12:28:15.581937,sensor_03,38.73,37.75
2025-11-28T12:28:20.581937,sensor_02,36.02,48.62
2025-11-28T12:28:25.581937,sensor_01,27.81,54.02
2025-11-28T12:28:30.581937,sensor_02,34.19,60.71
2025-11-28T12:28:35.581937,sensor_01,39.49,35.44
2025-11-28T12:28:40.581937,sensor_03,21.65,58.33
2025-11-28T12:28:45.581937,sensor_03,34.18,30.19
2025-11-28T12:28:50.581937,sensor_03,20.51,31.45
2025-11-28T12:28:55.581937,sensor_03,35.58,67.71
2025-11-28T12:29:00.581937,sensor_02,25.6,51.07
2025-11-28T12:29:05.581937,sensor_02,25.91,37.0
2025-11-28T12:29:10.581937,sensor_01,26.44,31.55
2025-11-28T12:29:15.581937,sensor_02,20.44,47.21
2025-11-28T12:29:20.581937,sensor_03,35.61,41.27
2025-11-28T12:29:25.581937,sensor_01,26.27,62.61
2025-11-28T12:29:30.581937,sensor_02,31.42,44.32
2025-11-28T12:29:35.581937,sensor_02,36.69,35.59
2025-11-28T12:29:40.581937,sensor_03,20.09,67.66
2025-11-28T12:29:45.581937,sensor_01,20.33,47.72
2025-11-28T12:29:50.581937,sensor_01,39.14,50.87
2025-11-28T12:29:55.581937,sensor_02,33.68,50.29
2025-11-28T12:30:00.581937,sensor_02,26.33,51.85
2025-11-28T12:30:05.581937,sensor_02,23.58,65.07
2025-11-28T12:30:10.581937,sensor_02,37.29,69.01
2025-11-28T12:30:15.581937,sensor_02,33.51,48.86
2025-11-28T12:30:20.581937,sensor_02,38.77,40.46
2025-11-28T12:30:25.581937,sensor_01,28.97,34.94
2025-11-28T12:30:30.581937,sensor_02,30.91,37.54
2025-11-28T12:30:35.581937,sensor_01,20.3,62.86
2025-11-28T12:30:40.581937,sensor_02,25.53,58.38
2025-11-28T12:30:45.581937,sensor_01,25.4,46.53
2025-11-28T12:30:50.581937,sensor_02,27.92,63.63
2025-11-28T12:30:55.581937,sensor_02,28.93,65.53
2025-11-28T12:31:00.581937,sensor_02,20.39,65.47
2025-11-28T12:31:05.581937,sensor_03,23.79,62.55
2025-11-28T12:31:10.581937,sensor_02,32.48,53.61
2025-11-28T12:31:15.581937,sensor_03,38.72,61.27
2025-11-28T12:31:20.581937,sensor_02,38.85,62.95
2025-11-28T12:31:25.581937,sensor_03,32.93,47.3
2025-11-28T12:31:30.581937,sensor_03,31.24,39.4
2025-11-28T12:31:35.581937,sensor_02,38.98,50.57
2025-11-28T12:31:40.581937,sensor_03,37.29,66.56
2025-11-28T12:31:45.581937,sensor_01,29.32,49.14
2025-11-28T12:31:50.581937,sensor_01,26.11,67.61
2025-11-28T12:31:55.581937,sensor_02,27.04,47.41
2025-11-28T12:32:00.581937,sensor_03,26.47,62.84
2025-11-28T12:32:05.581937,sensor_02,31.93,67.26
2025-11-28T12:32:10.581937,sensor_03,22.78,52.26
2025-11-28T12:32:15.581937,sensor_02,33.79,43.46
2025-11-28T12:32:20.581937,sensor_02,33.91,61.66
2025-11-28T12:32:25.581937,sensor_02,37.91,33.0
2025-11-28T12:32:30.581937,sensor_01,37.51,62.46
2025-11-28T12:32:35.581937,sensor_01,22.02,55.0
2025-11-28T12:32:40.581937,sensor_03,26.07,48.67
2025-11-28T12:32:45.581937,sensor_03,31.62,51.88
2025-11-28T12:32:50.581937,sensor_02,23.36,33.53
2025-11-28T12:32:55.581937,sensor_02,29.72,48.31
2025-11-28T12:33:00.581937,sensor_01,34.22,69.0
2025-11-28T12:33:05.581937,sensor_02,38.71,42.08
2025-11-28T12:33:10.581937,sensor_02,31.42,42.38
2025-11-28T12:33:15.581937,sensor_01,29.2,45.65
2025-11-28T12:33:20.581937,sensor_01,25.89,48.47
2025-11-28T12:33:25.581937,sensor_03,34.87,42.16
2025-11-28T12:33:30.581937,sensor_02,32.2,45.67
2025-11-28T12:33:35.581937,sensor_03,31.3,65.86
2025-11-28T12:33:40.581937,sensor_01,20.07,41.44
2025-11-28T12:33:45.581937,sensor_03,35.66,66.82
2025-11-28T12:33:50.581937,sensor_03,25.58,35.04
2025-11-28T12:33:55.581937,sensor_01,33.8,58.99
2025-11-28T12:34:00.581937,sensor_03,29.87,53.34
2025-11-28T12:34:05.581937,sensor_02,20.67,43.93
2025-11-28T12:34:10.581937,sensor_02,30.31,44.09
2025-11-28T12:34:15.581937,sensor_03,28.87,67.13
2025-11-28T12:34:20.581937,sensor_03,25.15,44.25
2025-11-28T12:34:25.581937,sensor_03,32.82,68.1
2025-11-28T12:34:30.581937,sensor_03,28.12,35.93
2025-11-28T12:34:35.581937,sensor_01,37.19,46.35
2025-11-28T12:34:40.581937,sensor_01,22.42,36.59
2025-11-28T12:34:45.581937,sensor_01,30.64,46.44
2025-11-28T12:34:50.581937,sensor_03,38.53,49.85
2025-11-28T12:34:55.581937,sensor_01,20.54,38.79
2025-11-28T12:35:00.581937,sensor_01,36.98,31.84
2025-11-28T12:35:05.581937,sensor_02,23.44,44.46
2025-11-28T12:35:10.581937,sensor_01,39.86,65.1
2025-11-28T12:35:15.581937,sensor_02,33.83,30.94
2025-11-28T12:35:20.581937,sensor_01,27.84,57.74
2025-11-28T12:35:25.581937,sensor_02,33.12,34.3
2025-11-28T12:35:30.581937,sensor_01,24.64,43.39
2025-11-28T12:35:35.581937,sensor_02,31.15,63.2
2025-11-28T12:35:40.581937,sensor_01,27.2,52.64
2025-11-28T12:35:45.581937,sensor_01,36.08,33.36
2025-11-28T12:35:50.581937,sensor_03,31.04,51.43
2025-11-28T12:35:55.581937,sensor_01,37.88,42.81
2025-11-28T12:36:00.581937,sensor_03,36.43,54.04
2025-11-28T12:36:05.581937,sensor_03,27.57,41.73
2025-11-28T12:36:10.581937,sensor_01,30.31,49.98
2025-11-28T12:36:15.581937,sensor_02,37.79,62.61
2025-11-28T12:36:20.581937,sensor_02,27.93,40.64
2025-11-28T12:36:25.581937,sensor_02,29.33,57.52
2025-11-28T12:36:30.581937,sensor_02,33.38,45.22
2025-11-28T12:36:35.581937,sensor_02,27.65,45.97
2025-11-28T12:36:40.581937,sensor_02,31.14,58.47
2025-11-28T12:36:45.581937,sensor_02,38.2,65.47
2025-11-28T12:36:50.581937,sensor_02,20.69,35.3
2025-11-28T12:36:55.581937,sensor_03,20.22,40.25
2025-11-28T12:37:00.581937,sensor_03,27.74,59.44
2025-11-28T12:37:05.581937,sensor_03,28.77,64.46
2025-11-28T12:37:10.581937,sensor_02,27.68,69.09
2025-11-28T12:37:15.581937,sensor_01,39.08,52.88
2025-11-28T12:37:20.581937,sensor_02,27.7,64.27
2025-11-28T12:37:25.581937,sensor_01,20.26,61.21
2025-11-28T12:37:30.581937,sensor_02,28.14,43.61
2025-11-28T12:37:35.581937,sensor_01,23.2,47.41
2025-11-28T12:37:40.581937,sensor_02,26.49,40.24
2025-11-28T12:37:45.581937,sensor_02,30.89,36.45
2025-11-28T12:37:50.581937,sensor_02,31.05,48.2
2025-11-28T12:37:55.581937,sensor_02,37.38,66.35
2025-11-28T12:38:00.581937,sensor_01,33.39,51.42
2025-11-28T12:38:05.581937,sensor_03,36.54,66.08
2025-11-28T12:38:10.581937,sensor_03,35.49,36.46
2025-11-28T12:38:15.581937,sensor_02,34.31,34.4
2025-11-28T12:38:20.581937,sensor_02,35.73,68.5
2025-11-28T12:38:25.581937,sensor_03,22.68,58.21
2025-11-28T12:38:30.581937,sensor_03,26.84,56.47
2025-11-28T12:38:35.581937,sensor_03,29.95,59.73
2025-11-28T12:38:40.581937,sensor_01,25.19,38.89
2025-11-28T12:38:45.581937,sensor_03,31.11,49.05
2025-11-28T12:38:50.581937,sensor_03,36.13,54.75
2025-11-28T12:38:55.581937,sensor_01,31.73,32.35
2025-11-28T12:39:00.581937,sensor_02,36.33,45.9
2025-11-28T12:39:05.581937,sensor_03,33.1,33.05
2025-11-28T12:39:10.581937,sensor_01,33.78,45.58
2025-11-28T12:39:15.581937,sensor_02,33.87,56.53
2025-11-28T12:39:20.581937,sensor_03,33.28,63.48
2025-11-28T12:39:25.581937,sensor_01,31.57,43.76
2025-11-28T12:39:30.581937,sensor_02,21.98,42.15
2025-11-28T12:39:35.581937,sensor_02,27.98,39.85
2025-11-28T12:39:40.581937,sensor_03,29.81,46.74
2025-11-28T12:39:45.581937,sensor_03,30.52,49.36
2025-11-28T12:39:50.581937,sensor_03,37.73,51.04
2025-11-28T12:39:55.581937,sensor_02,33.5,51.78
2025-11-28T12:40:00.581937,sensor_01,25.51,66.6
2025-11-28T12:40:05.581937,sensor_03,33.75,41.5
2025-11-28T12:40:10.581937,sensor_03,30.05,51.76
2025-11-28T12:40:15.581937,sensor_01,34.35,53.02
2025-11-28T12:40:20.581937,sensor_01,22.89,69.32
2025-11-28T12:40:25.581937,sensor_01,26.06,56.5
2025-11-28T12:40:30.581937,sensor_02,21.9,57.43
2025-11-28T12:40:35.581937,sensor_02,27.0,41.03
2025-11-28T12:40:40.581937,sensor_01,26.11,47.51
2025-11-28T12:40:45.581937,sensor_02,23.14,37.5
2025-11-28T12:40:50.581937,sensor_03,25.58,49.77
2025-11-28T12:40:55.581937,sensor_02,30.94,69.31
2025-11-28T12:41:00.581937,sensor_03,22.37,46.13
2025-11-28T12:41:05.581937,sensor_02,31.87,64.27
2025-11-28T12:41:10.581937,sensor_03,33.71,39.82
2025-11-28T12:41:15.581937,sensor_02,36.65,32.82
2025-11-28T12:41:20.581937,sensor_02,39.07,30.15
2025-11-28T12:41:25.581937,sensor_01,35.33,58.42
2025-11-28T12:41:30.581937,sensor_01,37.89,59.02
2025-11-28T12:41:35.581937,sensor_02,34.17,59.51
2025-11-28T12:41:40.581937,sensor_02,30.58,38.83
2025-11-28T12:41:45.581937,sensor_03,25.94,34.82
2025-11-28T12:41:50.581937,sensor_01,21.32,61.65
2025-11-28T12:41:55.581937,sensor_03,22.61,62.73
2025-11-28T12:42:00.581937,sensor_01,37.8,42.11
2025-11-28T12:42:05.581937,sensor_03,23.97,35.77
2025-11-28T12:42:10.581937,sensor_03,25.9,57.54
2025-11-28T12:42:15.581937,sensor_03,28.19,59.48
2025-11-28T12:42:20.581937,sensor_02,39.4,47.77
2025-11-28T12:42:25.581937,sensor_02,37.66,48.61
2025-11-28T12:42:30.581937,sensor_02,21.55,38.54
2025-11-28T12:42:35.581937,sensor_01,28.66,49.81
2025-11-28T12:42:40.581937,sensor_02,26.77,39.9
2025-11-28T12:42:45.581937,sensor_01,35.37,59.8
2025-11-28T12:42:50.581937,sensor_02,26.15,49.37
2025-11-28T12:42:55.581937,sensor_03,24.69,41.53
2025-11-28T12:43:00.581937,sensor_01,29.89,38.41
2025-11-28T12:43:05.581937,sensor_03,30.77,52.06
2025-11-28T12:43:10.581937,sensor_03,29.34,58.52
2025-11-28T12:43:15.581937,sensor_02,39.33,40.98
2025-11-28T12:43:20.581937,sensor_03,30.69,40.8
2025-11-28T12:43:25.581937,sensor_02,35.31,62.08
2025-11-28T12:43:30.581937,sensor_02,25.15,58.03
2025-11-28T12:43:35.581937,sensor_02,25.85,63.77
2025-11-28T12:43:40.581937,sensor_03,29.49,64.21
2025-11-28T12:43:45.581937,sensor_03,22.63,63.39
2025-11-28T12:43:50.581937,sensor_02,35.89,68.83
2025-11-28T12:43:55.581937,sensor_01,31.28,53.73
2025-11-28T12:44:00.581937,sensor_03,35.74,62.56
2025-11-28T12:44:05.581937,sensor_02,24.04,39.95
2025-11-28T12:44:10.581937,sensor_01,29.05,39.92
2025-11-28T12:44:15.581937,sensor_03,26.0,39.74
2025-11-28T12:44:20.581937,sensor_03,31.48,49.8
2025-11-28T12:44:25.581937,sensor_01,25.8,35.02
2025-11-28T12:44:30.581937,sensor_02,33.89,45.24
2025-11-28T12:44:35.581937,sensor_02,38.36,67.08
2025-11-28T12:44:40.581937,sensor_01,23.99,51.55
2025-11-28T12:44:45.581937,sensor_03,20.74,47.13
2025-11-28T12:44:50.581937,sensor_03,35.47,58.3
2025-11-28T12:44:55.581937,sensor_03,31.34,63.57
2025-11-28T12:45:00.581937,sensor_03,22.64,64.3
2025-11-28T12:45:05.581937,sensor_02,25.47,55.05
2025-11-28T12:45:10.581937,sensor_03,33.7,42.23
2025-11-28T12:45:15.581937,sensor_01,36.93,57.19
2025-11-28T12:45:20.581937,sensor_03,33.29,69.55
2025-11-28T12:45:25.581937,sensor_01,22.79,61.87
2025-11-28T12:45:30.581937,sensor_03,38.37,46.91
2025-11-28T12:45:35.581937,sensor_03,27.91,46.33
2025-11-28T12:45:40.581937,sensor_01,21.67,60.35
2025-11-28T12:45:45.581937,sensor_02,26.82,61.53
2025-11-28T12:45:50.581937,sensor_02,20.83,37.63
2025-11-28T12:45:55.581937,sensor_02,31.65,50.31
2025-11-28T12:46:00.581937,sensor_03,34.43,56.92
2025-11-28T12:46:05.581937,sensor_01,26.87,45.9
2025-11-28T12:46:10.581937,sensor_02,34.69,33.78
2025-11-28T12:46:15.581937,sensor_02,29.73,34.73
2025-11-28T12:46:20.581937,sensor_03,29.22,54.22
2025-11-28T12:46:25.581937,sensor_02,29.67,34.1
2025-11-28T12:46:30.581937,sensor_03,33.44,41.08
2025-11-28T12:46:35.581937,sensor_01,33.2,52.96
2025-11-28T12:46:40.581937,sensor_03,23.32,44.55
2025-11-28T12:46:45.581937,sensor_02,31.32,49.51
2025-11-28T12:46:50.581937,sensor_02,27.13,45.6
2025-11-28T12:46:55.581937,sensor_03,39.65,30.69
2025-11-28T12:47:00.581937,sensor_02,24.65,50.16
2025-11-28T12:47:05.581937,sensor_03,37.58,53.4
2025-11-28T12:47:10.581937,sensor_03,37.66,47.05
2025-11-28T12:47:15.581937,sensor_01,33.69,65.39
2025-11-28T12:47:20.581937,sensor_01,20.92,38.6
2025-11-28T12:47:25.581937,sensor_03,39.18,47.92
2025-11-28T12:47:30.581937,sensor_02,32.4,62.5
2025-11-28T12:47:35.581937,sensor_03,37.35,62.15
2025-11-28T12:47:40.581937,sensor_01,25.46,31.39
2025-11-28T12:47:45.581937,sensor_03,35.77,41.88
2025-11-28T12:47:50.581937,sensor_02,26.02,38.88
2025-11-28T12:47:55.581937,sensor_02,32.21,57.91
2025-11-28T12:48:00.581937,sensor_03,34.47,68.37
2025-11-28T12:48:05.581937,sensor_02,35.46,33.74
2025-11-28T12:48:10.581937,sensor_01,31.36,43.61
2025-11-28T12:48:15.581937,sensor_01,20.42,54.53
2025-11-28T12:48:20.581937,sensor_01,26.62,34.31
2025-11-28T12:48:25.581937,sensor_02,33.13,42.46
2025-11-28T12:48:30.581937,sensor_01,27.05,63.93
2025-11-28T12:48:35.581937,sensor_01,23.16,43.73
2025-11-28T12:48:40.581937,sensor_03,35.67,43.76
2025-11-28T12:48:45.581937,sensor_02,33.42,64.33
2025-11-28T12:48:50.581937,sensor_03,27.3,55.57
2025-11-28T12:48:55.581937,sensor_02,22.96,31.15
2025-11-28T12:49:00.581937,sensor_02,23.13,46.65
2025-11-28T12:49:05.581937,sensor_01,33.45,55.35
2025-11-28T12:49:10.581937,sensor_03,21.07,30.02
2025-11-28T12:49:15.581937,sensor_03,36.92,52.58
2025-11-28T12:49:20.581937,sensor_01,35.27,34.06
2025-11-28T12:49:25.581937,sensor_02,31.0,35.32
2025-11-28T12:49:30.581937,sensor_01,35.46,52.93
2025-11-28T12:49:35.581937,sensor_01,37.78,46.76
2025-11-28T12:49:40.581937,sensor_02,23.23,50.93
2025-11-28T12:49:45.581937,sensor_01,39.75,34.69
2025-11-28T12:49:50.581937,sensor_03,37.78,48.15
2025-11-28T12:49:55.581937,sensor_03,26.89,42.73
2025-11-28T12:50:00.581937,sensor_03,38.83,32.37
2025-11-28T12:50:05.581937,sensor_02,39.38,49.51
2025-11-28T12:50:10.581937,sensor_02,26.06,54.25
2025-11-28T12:50:15.581937,sensor_02,27.07,61.67
2025-11-28T12:50:20.581937,sensor_01,31.64,63.77
2025-11-28T12:50:25.581937,sensor_01,29.39,42.14
2025-11-28T12:50:30.581937,sensor_01,25.51,39.85
2025-11-28T12:50:35.581937,sensor_03,37.22,58.56
2025-11-28T12:50:40.581937,sensor_03,29.26,56.72
2025-11-28T12:50:45.581937,sensor_01,20.72,69.11
2025-11-28T12:50:50.581937,sensor_02,24.89,45.44
2025-11-28T12:50:55.581937,sensor_03,39.82,33.02
2025-11-28T12:51:00.581937,sensor_03,29.07,67.39
2025-11-28T12:51:05.581937,sensor_03,35.81,34.09
2025-11-28T12:51:10.581937,sensor_03,21.81,32.94
2025-11-28T12:51:15.581937,sensor_01,30.33,37.91
2025-11-28T12:51:20.581937,sensor_03,20.7,65.84
2025-11-28T12:51:25.581937,sensor_02,36.15,67.69
2025-11-28T12:51:30.581937,sensor_01,32.28,62.58
2025-11-28T12:51:35.581937,sensor_01,25.92,38.6
2025-11-28T12:51:40.581937,sensor_03,26.28,30.09
2025-11-28T12:51:45.581937,sensor_01,21.16,30.59
2025-11-28T12:51:50.581937,sensor_01,30.3,35.03
2025-11-28T12:51:55.581937,sensor_02,28.94,60.04
2025-11-28T12:52:00.581937,sensor_02,32.55,49.71
2025-11-28T12:52:05.581937,sensor_02,23.34,66.99
2025-11-28T12:52:10.581937,sensor_02,38.44,41.54
2025-11-28T12:52:15.581937,sensor_02,25.42,43.71
2025-11-28T12:52:20.581937,sensor_02,31.1,58.14
2025-11-28T12:52:25.581937,sensor_01,35.82,52.63
2025-11-28T12:52:30.581937,sensor_02,24.42,66.23
2025-11-28T12:52:35.581937,sensor_01,37.49,65.8
2025-11-28T12:52:40.581937,sensor_03,37.01,43.77
2025-11-28T12:52:45.581937,sensor_01,39.09,67.42
2025-11-28T12:52:50.581937,sensor_01,38.2,35.12
2025-11-28T12:52:55.581937,sensor_03,37.86,49.23
2025-11-28T12:53:00.581937,sensor_01,37.3,37.87
2025-11-28T12:53:05.581937,sensor_02,37.5,41.89
2025-11-28T12:53:10.581937,sensor_02,38.91,35.35
2025-11-28T12:53:15.581937,sensor_01,35.5,36.08
2025-11-28T12:53:20.581937,sensor_02,23.57,68.04
2025-11-28T12:53:25.581937,sensor_02,28.2,45.84
2025-11-28T12:53:30.581937,sensor_02,39.76,51.56
2025-11-28T12:53:35.581937,sensor_01,37.83,69.77
2025-11-28T12:53:40.581937,sensor_01,30.85,47.91
2025-11-28T12:53:45.581937,sensor_01,23.15,50.94
2025-11-28T12:53:50.581937,sensor_01,21.67,44.41
2025-11-28T12:53:55.581937,sensor_01,31.64,57.05
2025-11-28T12:54:00.581937,sensor_02,38.55,34.33
2025-11-28T12:54:05.581937,sensor_03,33.33,36.99
2025-11-28T12:54:10.581937,sensor_03,20.3,47.87
2025-11-28T12:54:15.581937,sensor_03,22.06,55.67
2025-11-28T12:54:20.581937,sensor_03,31.41,57.58
2025-11-28T12:54:25.581937,sensor_02,31.68,58.08
2025-11-28T12:54:30.581937,sensor_01,37.24,69.67
2025-11-28T12:54:35.581937,sensor_01,20.04,42.95
2025-11-28T12:54:40.581937,sensor_02,32.17,64.8
2025-11-28T12:54:45.581937,sensor_02,25.14,62.85
2025-11-28T12:54:50.581937,sensor_03,24.76,41.97
2025-11-28T12:54:55.581937,sensor_02,39.54,64.0
2025-11-28T12:55:00.581937,sensor_01,37.31,62.04
2025-11-28T12:55:05.581937,sensor_03,35.91,30.52
2025-11-28T12:55:10.581937,sensor_03,34.21,43.52
2025-11-28T12:55:15.581937,sensor_02,35.12,38.0
2025-11-28T12:55:20.581937,sensor_02,35.81,54.72
2025-11-28T12:55:25.581937,sensor_02,22.86,37.12
2025-11-28T12:55:30.581937,sensor_03,39.89,35.1
2025-11-28T12:55:35.581937,sensor_02,39.75,35.28
2025-11-28T12:55:40.581937,sensor_02,31.11,50.71
2025-11-28T12:55:45.581937,sensor_02,26.02,46.79
2025-11-28T12:55:50.581937,sensor_02,38.12,53.77
2025-11-28T12:55:55.581937,sensor_02,31.49,43.23
2025-11-28T12:56:00.581937,sensor_02,27.16,30.51
2025-11-28T12:56:05.581937,sensor_01,29.24,58.36
2025-11-28T12:56:10.581937,sensor_01,24.3,41.51
2025-11-28T12:56:15.581937,sensor_01,32.18,30.0
2025-11-28T12:56:20.581937,sensor_03,38.22,34.55
2025-11-28T12:56:25.581937,sensor_02,24.41,60.25
2025-11-28T12:56:30.581937,sensor_03,23.69,31.78
2025-11-28T12:56:35.581937,sensor_03,27.42,62.44
2025-11-28T12:56:40.581937,sensor_01,37.04,63.98
2025-11-28T12:56:45.581937,sensor_01,29.27,42.12
2025-11-28T12:56:50.581937,sensor_01,33.65,36.97
2025-11-28T12:56:55.581937,sensor_03,23.73,44.12
2025-11-28T12:57:00.581937,sensor_02,27.7,35.14
2025-11-28T12:57:05.581937,sensor_03,35.47,42.75
2025-11-28T12:57:10.581937,sensor_02,20.66,36.68
2025-11-28T12:57:15.581937,sensor_03,35.5,63.46
2025-11-28T12:57:20.581937,sensor_02,24.56,45.09
2025-11-28T12:57:25.581937,sensor_02,26.77,64.58
2025-11-28T12:57:30.581937,sensor_01,39.13,48.11
2025-11-28T12:57:35.581937,sensor_01,38.38,32.05
2025-11-28T12:57:40.581937,sensor_03,23.55,53.25
2025-11-28T12:57:45.581937,sensor_01,23.07,54.95
2025-11-28T12:57:50.581937,sensor_02,32.54,42.21
2025-11-28T12:57:55.581937,sensor_01,32.88,30.43
2025-11-28T12:58:00.581937,sensor_02,22.83,56.53
2025-11-28T12:58:05.581937,sensor_03,39.77,49.55
2025-11-28T12:58:10.581937,sensor_01,30.24,39.44
2025-11-28T12:58:15.581937,sensor_01,39.12,40.74
2025-11-28T12:58:20.581937,sensor_03,32.85,66.14
2025-11-28T12:58:25.581937,sensor_03,22.24,53.63
2025-11-28T12:58:30.581937,sensor_03,20.3,46.9
2025-11-28T12:58:35.581937,sensor_03,25.05,62.38
2025-11-28T12:58:40.581937,sensor_02,25.17,64.05
2025-11-28T12:58:45.581937,sensor_02,20.37,57.85
2025-11-28T12:58:50.581937,sensor_03,33.99,52.89
2025-11-28T12:58:55.581937,sensor_03,22.92,61.83
2025-11-28T12:59:00.581937,sensor_01,23.81,53.14
2025-11-28T12:59:05.581937,sensor_02,35.25,67.95
2025-11-28T12:59:10.581937,sensor_01,28.87,60.35
2025-11-28T12:59:15.581937,sensor_02,24.97,54.83
2025-11-28T12:59:20.581937,sensor_03,26.65,39.96
2025-11-28T12:59:25.581937,sensor_01,34.76,34.52
2025-11-28T12:59:30.581937,sensor_02,33.64,36.56
2025-11-28T12:59:35.581937,sensor_01,37.31,38.3
2025-11-28T12:59:40.581937,sensor_03,26.35,66.65
2025-11-28T12:59:45.581937,sensor_01,25.61,50.37
2025-11-28T12:59:50.581937,sensor_03,29.87,53.58
2025-11-28T12:59:55.581937,sensor_02,32.27,58.22
2025-11-28T13:00:00.581937,sensor_02,23.29,47.3
2025-11-28T13:00:05.581937,sensor_01,31.69,69.85
2025-11-28T13:00:10.581937,sensor_03,36.62,50.03
2025-11-28T13:00:15.581937,sensor_01,23.2,49.52
2025-11-28T13:00:20.581937,sensor_03,35.85,36.96
2025-11-28T13:00:25.581937,sensor_01,27.98,64.53
2025-11-28T13:00:30.581937,sensor_03,22.17,68.89
2025-11-28T13:00:35.581937,sensor_01,26.39,45.73
2025-11-28T13:00:40.581937,sensor_03,33.88,66.5
2025-11-28T13:00:45.581937,sensor_02,30.9,42.78
2025-11-28T13:00:50.581937,sensor_01,39.94,37.0
2025-11-28T13:00:55.581937,sensor_01,20.23,34.9
2025-11-28T13:01:00.581937,sensor_03,24.43,65.63
2025-11-28T13:01:05.581937,sensor_03,28.81,40.21
2025-11-28T13:01:10.581937,sensor_01,21.68,37.91
2025-11-28T13:01:15.581937,sensor_02,38.61,64.32
2025-11-28T13:01:20.581937,sensor_03,27.07,33.73
2025-11-28T13:01:25.581937,sensor_03,30.96,52.23
2025-11-28T13:01:30.581937,sensor_02,36.51,43.79
2025-11-28T13:01:35.581937,sensor_02,33.53,55.55
2025-11-28T13:01:40.581937,sensor_03,31.95,51.53
2025-11-28T13:01:45.581937,sensor_02,25.18,43.79
2025-11-28T13:01:50.581937,sensor_02,39.5,49.68
2025-11-28T13:01:55.581937,sensor_03,34.3,46.12
2025-11-28T13:02:00.581937,sensor_03,33.13,66.67
2025-11-28T13:02:05.581937,sensor_01,22.56,52.0
2025-11-28T13:02:10.581937,sensor_02,23.3,50.99
2025-11-28T13:02:15.581937,sensor_02,29.35,35.05
2025-11-28T13:02:20.581937,sensor_03,29.18,69.97
2025-11-28T13:02:25.581937,sensor_02,29.32,44.42
2025-11-28T13:02:30.581937,sensor_03,23.29,53.25
2025-11-28T13:02:35.581937,sensor_02,26.2,54.6
2025-11-28T13:02:40.581937,sensor_03,33.02,39.78
2025-11-28T13:02:45.581937,sensor_01,34.55,33.53
2025-11-28T13:02:50.581937,sensor_03,26.59,68.18
2025-11-28T13:02:55.581937,sensor_01,26.88,60.97
2025-11-28T13:03:00.581937,sensor_03,27.75,34.34
2025-11-28T13:03:05.581937,sensor_03,39.01,55.22
2025-11-28T13:03:10.581937,sensor_03,20.89,48.28
2025-11-28T13:03:15.581937,sensor_03,29.31,58.89
2025-11-28T13:03:20.581937,sensor_03,24.33,40.52
2025-11-28T13:03:25.581937,sensor_01,35.6,55.42
2025-11-28T13:03:30.581937,sensor_02,33.99,31.52
2025-11-28T13:03:35.581937,sensor_01,39.11,66.14
2025-11-28T13:03:40.581937,sensor_02,38.6,48.97
2025-11-28T13:03:45.581937,sensor_01,27.21,30.98
2025-11-28T13:03:50.581937,sensor_03,39.11,34.05
2025-11-28T13:03:55.581937,sensor_03,31.2,45.7
2025-11-28T13:04:00.581937,sensor_01,25.42,66.49
2025-11-28T13:04:05.581937,sensor_01,37.16,50.87
2025-11-28T13:04:10.581937,sensor_03,23.76,44.36
2025-11-28T13:04:15.581937,sensor_01,23.28,47.07
2025-11-28T13:04:20.581937,sensor_03,36.21,51.78
2025-11-28T13:04:25.581937,sensor_02,20.69,58.99
2025-11-28T13:04:30.581937,sensor_01,32.58,62.8
2025-11-28T13:04:35.581937,sensor_03,28.42,47.67
2025-11-28T13:04:40.581937,sensor_01,38.65,49.94
2025-11-28T13:04:45.581937,sensor_01,37.46,51.2
2025-11-28T13:04:50.581937,sensor_01,36.59,38.47
2025-11-28T13:04:55.581937,sensor_01,27.82,45.69
2025-11-28T13:05:00.581937,sensor_01,24.69,43.73
2025-11-28T13:05:05.581937,sensor_03,31.48,65.66
2025-11-28T13:05:10.581937,sensor_01,29.26,66.29
2025-11-28T13:05:15.581937,sensor_03,20.15,35.98
2025-11-28T13:05:20.581937,sensor_03,34.04,47.87
2025-11-28T13:05:25.581937,sensor_01,33.54,63.82
2025-11-28T13:05:30.581937,sensor_01,23.8,46.92
2025-11-28T13:05:35.581937,sensor_01,36.18,47.75
2025-11-28T13:05:40.581937,sensor_01,39.58,33.63
2025-11-28T13:05:45.581937,sensor_02,21.77,45.05
2025-11-28T13:05:50.581937,sensor_01,38.85,37.49
2025-11-28T13:05:55.581937,sensor_02,35.11,36.84
2025-11-28T13:06:00.581937,sensor_02,25.52,37.46
2025-11-28T13:06:05.581937,sensor_01,24.16,47.55
2025-11-28T13:06:10.581937,sensor_01,35.76,41.52
2025-11-28T13:06:15.581937,sensor_03,24.15,34.65
2025-11-28T13:06:20.581937,sensor_01,35.85,38.22
2025-11-28T13:06:25.581937,sensor_01,20.92,56.99
2025-11-28T13:06:30.581937,sensor_02,38.34,58.59
2025-11-28T13:06:35.581937,sensor_03,39.29,49.22
2025-11-28T13:06:40.581937,sensor_03,34.12,51.75
2025-11-28T13:06:45.581937,sensor_02,24.11,39.68
2025-11-28T13:06:50.581937,sensor_02,21.49,45.55
2025-11-28T13:06:55.581937,sensor_03,39.37,53.51
2025-11-28T13:07:00.581937,sensor_01,31.65,46.86
2025-11-28T13:07:05.581937,sensor_03,21.47,67.97
2025-11-28T13:07:10.581937,sensor_02,22.84,63.8
2025-11-28T13:07:15.581937,sensor_01,23.03,43.93
2025-11-28T13:07:20.581937,sensor_03,25.59,59.78
2025-11-28T13:07:25.581937,sensor_03,28.87,47.33
2025-11-28T13:07:30.581937,sensor_03,37.23,51.48
2025-11-28T13:07:35.581937,sensor_03,26.6,67.45
2025-11-28T13:07:40.581937,sensor_01,34.53,46.2
2025-11-28T13:07:45.581937,sensor_03,38.19,67.34
2025-11-28T13:07:50.581937,sensor_02,22.48,47.74
2025-11-28T13:07:55.581937,sensor_02,26.0,66.98
2025-11-28T13:08:00.581937,sensor_01,24.62,62.91
2025-11-28T13:08:05.581937,sensor_02,36.17,49.88
2025-11-28T13:08:10.581937,sensor_03,25.3,66.67
2025-11-28T13:08:15.581937,sensor_01,24.95,40.54
2025-11-28T13:08:20.581937,sensor_03,22.39,52.7
2025-11-28T13:08:25.581937,sensor_02,39.32,62.36
2025-11-28T13:08:30.581937,sensor_03,26.56,33.72
2025-11-28T13:08:35.581937,sensor_03,33.44,58.33
2025-11-28T13:08:40.581937,sensor_01,23.0,30.12
2025-11-28T13:08:45.581937,sensor_03,22.36,42.69
2025-11-28T13:08:50.581937,sensor_02,24.56,66.56
2025-11-28T13:08:55.581937,sensor_01,24.8,57.26
2025-11-28T13:09:00.581937,sensor_02,23.83,33.01
2025-11-28T13:09:05.581937,sensor_02,26.56,37.65
2025-11-28T13:09:10.581937,sensor_01,39.8,51.98
2025-11-28T13:09:15.581937,sensor_02,31.47,43.3
2025-11-28T13:09:20.581937,sensor_02,24.73,38.9
2025-11-28T13:09:25.581937,sensor_03,36.3,30.51
2025-11-28T13:09:30.581937,sensor_01,32.37,51.78
2025-11-28T13:09:35.581937,sensor_02,35.66,64.02
2025-11-28T13:09:40.581937,sensor_03,33.69,47.92
2025-11-28T13:09:45.581937,sensor_03,26.51,47.05
2025-11-28T13:09:50.581937,sensor_02,25.82,68.23
2025-11-28T13:09:55.581937,sensor_02,24.09,48.51
2025-11-28T13:10:00.581937,sensor_03,29.73,50.24
2025-11-28T13:10:05.581937,sensor_01,30.64,53.41
2025-11-28T13:10:10.581937,sensor_03,26.07,36.18
2025-11-28T13:10:15.581937,sensor_03,32.67,30.86
2025-11-28T13:10:20.581937,sensor_01,23.77,59.81
2025-11-28T13:10:25.581937,sensor_03,23.95,60.01
2025-11-28T13:10:30.581937,sensor_03,28.22,59.99
2025-11-28T13:10:35.581937,sensor_03,24.08,46.78
2025-11-28T13:10:40.581937,sensor_02,36.76,61.6
2025-11-28T13:10:45.581937,sensor_03,22.52,46.39
2025-11-28T13:10:50.581937,sensor_02,24.0,57.29
2025-11-28T13:10:55.581937,sensor_01,36.95,58.39
2025-11-28T13:11:00.581937,sensor_02,33.1,45.95
2025-11-28T13:11:05.581937,sensor_02,30.19,56.65
2025-11-28T13:11:10.581937,sensor_03,34.61,69.74
2025-11-28T13:11:15.581937,sensor_03,38.6,34.84
2025-11-28T13:11:20.581937,sensor_01,34.29,68.43
